{
  "Total" : {
    "transaction" : "Total",
    "sampleCount" : 4000,
    "errorCount" : 0,
    "errorPct" : 0.0,
    "meanResTime" : 8.473749999999987,
    "medianResTime" : 7.0,
    "minResTime" : 4.0,
    "maxResTime" : 130.0,
    "pct1ResTime" : 11.0,
    "pct2ResTime" : 14.0,
    "pct3ResTime" : 49.0,
    "throughput" : 338.18058843422386,
    "receivedKBytesPerSec" : 154.77367990678897,
    "sentKBytesPerSec" : 106.60077979688029
  },
  "HTTP Request" : {
    "transaction" : "HTTP Request",
    "sampleCount" : 4000,
    "errorCount" : 0,
    "errorPct" : 0.0,
    "meanResTime" : 8.473749999999987,
    "medianResTime" : 7.0,
    "minResTime" : 4.0,
    "maxResTime" : 130.0,
    "pct1ResTime" : 11.0,
    "pct2ResTime" : 14.0,
    "pct3ResTime" : 49.0,
    "throughput" : 338.18058843422386,
    "receivedKBytesPerSec" : 154.77367990678897,
    "sentKBytesPerSec" : 106.60077979688029
  }
}