{
  "Total" : {
    "transaction" : "Total",
    "sampleCount" : 5490,
    "errorCount" : 0,
    "errorPct" : 0.0,
    "meanResTime" : 10505.268306010923,
    "medianResTime" : 10392.5,
    "minResTime" : 5.0,
    "maxResTime" : 25058.0,
    "pct1ResTime" : 21006.9,
    "pct2ResTime" : 22390.45,
    "pct3ResTime" : 23631.08,
    "throughput" : 160.73310692118514,
    "receivedKBytesPerSec" : 73.46016713754538,
    "sentKBytesPerSec" : 50.67288918857595
  },
  "HTTP Request" : {
    "transaction" : "HTTP Request",
    "sampleCount" : 5490,
    "errorCount" : 0,
    "errorPct" : 0.0,
    "meanResTime" : 10505.268306010923,
    "medianResTime" : 10392.5,
    "minResTime" : 5.0,
    "maxResTime" : 25058.0,
    "pct1ResTime" : 21006.9,
    "pct2ResTime" : 22390.45,
    "pct3ResTime" : 23631.08,
    "throughput" : 160.73310692118514,
    "receivedKBytesPerSec" : 73.46016713754538,
    "sentKBytesPerSec" : 50.67288918857595
  }
}