{
  "Total" : {
    "transaction" : "Total",
    "sampleCount" : 4001,
    "errorCount" : 0,
    "errorPct" : 0.0,
    "meanResTime" : 7720.4203949012835,
    "medianResTime" : 7574.0,
    "minResTime" : 5.0,
    "maxResTime" : 19980.0,
    "pct1ResTime" : 15368.600000000002,
    "pct2ResTime" : 16264.499999999998,
    "pct3ResTime" : 17325.32,
    "throughput" : 163.38614831754327,
    "receivedKBytesPerSec" : 74.62815013986443,
    "sentKBytesPerSec" : 51.49241624724355
  },
  "HTTP Request" : {
    "transaction" : "HTTP Request",
    "sampleCount" : 4001,
    "errorCount" : 0,
    "errorPct" : 0.0,
    "meanResTime" : 7720.4203949012835,
    "medianResTime" : 7574.0,
    "minResTime" : 5.0,
    "maxResTime" : 19980.0,
    "pct1ResTime" : 15368.600000000002,
    "pct2ResTime" : 16264.499999999998,
    "pct3ResTime" : 17325.32,
    "throughput" : 163.38614831754327,
    "receivedKBytesPerSec" : 74.62815013986443,
    "sentKBytesPerSec" : 51.49241624724355
  }
}