{
  "Total" : {
    "transaction" : "Total",
    "sampleCount" : 4005,
    "errorCount" : 0,
    "errorPct" : 0.0,
    "meanResTime" : 5564.398252184762,
    "medianResTime" : 5046.0,
    "minResTime" : 5.0,
    "maxResTime" : 16064.0,
    "pct1ResTime" : 12713.0,
    "pct2ResTime" : 13750.7,
    "pct3ResTime" : 14677.34,
    "throughput" : 182.5765864332604,
    "receivedKBytesPerSec" : 83.4031386761488,
    "sentKBytesPerSec" : 57.550008761282825
  },
  "HTTP Request" : {
    "transaction" : "HTTP Request",
    "sampleCount" : 4005,
    "errorCount" : 0,
    "errorPct" : 0.0,
    "meanResTime" : 5564.398252184762,
    "medianResTime" : 5046.0,
    "minResTime" : 5.0,
    "maxResTime" : 16064.0,
    "pct1ResTime" : 12713.0,
    "pct2ResTime" : 13750.7,
    "pct3ResTime" : 14677.34,
    "throughput" : 182.5765864332604,
    "receivedKBytesPerSec" : 83.4031386761488,
    "sentKBytesPerSec" : 57.550008761282825
  }
}