{
  "Total" : {
    "transaction" : "Total",
    "sampleCount" : 4003,
    "errorCount" : 0,
    "errorPct" : 0.0,
    "meanResTime" : 5890.221333999498,
    "medianResTime" : 5666.0,
    "minResTime" : 5.0,
    "maxResTime" : 15914.0,
    "pct1ResTime" : 12828.8,
    "pct2ResTime" : 13911.4,
    "pct3ResTime" : 14778.44,
    "throughput" : 181.03292329956585,
    "receivedKBytesPerSec" : 82.70921720954686,
    "sentKBytesPerSec" : 57.07467240638568
  },
  "HTTP Request" : {
    "transaction" : "HTTP Request",
    "sampleCount" : 4003,
    "errorCount" : 0,
    "errorPct" : 0.0,
    "meanResTime" : 5890.221333999498,
    "medianResTime" : 5666.0,
    "minResTime" : 5.0,
    "maxResTime" : 15914.0,
    "pct1ResTime" : 12828.8,
    "pct2ResTime" : 13911.4,
    "pct3ResTime" : 14778.44,
    "throughput" : 181.03292329956585,
    "receivedKBytesPerSec" : 82.70921720954686,
    "sentKBytesPerSec" : 57.07467240638568
  }
}