{
  "Total" : {
    "transaction" : "Total",
    "sampleCount" : 4250,
    "errorCount" : 0,
    "errorPct" : 0.0,
    "meanResTime" : 4855.695294117645,
    "medianResTime" : 4240.0,
    "minResTime" : 5.0,
    "maxResTime" : 16345.0,
    "pct1ResTime" : 11627.5,
    "pct2ResTime" : 12694.9,
    "pct3ResTime" : 13692.349999999997,
    "throughput" : 197.71120208410866,
    "receivedKBytesPerSec" : 90.4130783052661,
    "sentKBytesPerSec" : 62.32041535343785
  },
  "HTTP Request" : {
    "transaction" : "HTTP Request",
    "sampleCount" : 4250,
    "errorCount" : 0,
    "errorPct" : 0.0,
    "meanResTime" : 4855.695294117645,
    "medianResTime" : 4240.0,
    "minResTime" : 5.0,
    "maxResTime" : 16345.0,
    "pct1ResTime" : 11627.5,
    "pct2ResTime" : 12694.9,
    "pct3ResTime" : 13692.349999999997,
    "throughput" : 197.71120208410866,
    "receivedKBytesPerSec" : 90.4130783052661,
    "sentKBytesPerSec" : 62.32041535343785
  }
}