{
  "Total" : {
    "transaction" : "Total",
    "sampleCount" : 4000,
    "errorCount" : 0,
    "errorPct" : 0.0,
    "meanResTime" : 8.28999999999999,
    "medianResTime" : 7.0,
    "minResTime" : 4.0,
    "maxResTime" : 128.0,
    "pct1ResTime" : 10.0,
    "pct2ResTime" : 13.0,
    "pct3ResTime" : 50.0,
    "throughput" : 337.26812816188874,
    "receivedKBytesPerSec" : 154.04952308178753,
    "sentKBytesPerSec" : 106.29182915261383
  },
  "HTTP Request" : {
    "transaction" : "HTTP Request",
    "sampleCount" : 4000,
    "errorCount" : 0,
    "errorPct" : 0.0,
    "meanResTime" : 8.28999999999999,
    "medianResTime" : 7.0,
    "minResTime" : 4.0,
    "maxResTime" : 128.0,
    "pct1ResTime" : 10.0,
    "pct2ResTime" : 13.0,
    "pct3ResTime" : 50.0,
    "throughput" : 337.26812816188874,
    "receivedKBytesPerSec" : 154.04952308178753,
    "sentKBytesPerSec" : 106.29182915261383
  }
}