{
  "Total" : {
    "transaction" : "Total",
    "sampleCount" : 4002,
    "errorCount" : 0,
    "errorPct" : 0.0,
    "meanResTime" : 5651.185407296352,
    "medianResTime" : 5298.0,
    "minResTime" : 5.0,
    "maxResTime" : 16692.0,
    "pct1ResTime" : 12559.2,
    "pct2ResTime" : 13565.949999999999,
    "pct3ResTime" : 14479.91,
    "throughput" : 183.9492553778268,
    "receivedKBytesPerSec" : 84.03590532496783,
    "sentKBytesPerSec" : 57.98840334275602
  },
  "HTTP Request" : {
    "transaction" : "HTTP Request",
    "sampleCount" : 4002,
    "errorCount" : 0,
    "errorPct" : 0.0,
    "meanResTime" : 5651.185407296352,
    "medianResTime" : 5298.0,
    "minResTime" : 5.0,
    "maxResTime" : 16692.0,
    "pct1ResTime" : 12559.2,
    "pct2ResTime" : 13565.949999999999,
    "pct3ResTime" : 14479.91,
    "throughput" : 183.9492553778268,
    "receivedKBytesPerSec" : 84.03590532496783,
    "sentKBytesPerSec" : 57.98840334275602
  }
}