{
  "Total" : {
    "transaction" : "Total",
    "sampleCount" : 4010,
    "errorCount" : 0,
    "errorPct" : 0.0,
    "meanResTime" : 6621.84912718205,
    "medianResTime" : 6652.5,
    "minResTime" : 5.0,
    "maxResTime" : 17561.0,
    "pct1ResTime" : 13748.0,
    "pct2ResTime" : 14852.0,
    "pct3ResTime" : 15680.89,
    "throughput" : 174.1585233441911,
    "receivedKBytesPerSec" : 79.56458672638436,
    "sentKBytesPerSec" : 54.90346769815418
  },
  "HTTP Request" : {
    "transaction" : "HTTP Request",
    "sampleCount" : 4010,
    "errorCount" : 0,
    "errorPct" : 0.0,
    "meanResTime" : 6621.84912718205,
    "medianResTime" : 6652.5,
    "minResTime" : 5.0,
    "maxResTime" : 17561.0,
    "pct1ResTime" : 13748.0,
    "pct2ResTime" : 14852.0,
    "pct3ResTime" : 15680.89,
    "throughput" : 174.1585233441911,
    "receivedKBytesPerSec" : 79.56458672638436,
    "sentKBytesPerSec" : 54.90346769815418
  }
}