{
  "Total" : {
    "transaction" : "Total",
    "sampleCount" : 4015,
    "errorCount" : 0,
    "errorPct" : 0.0,
    "meanResTime" : 7053.278455790772,
    "medianResTime" : 6991.0,
    "minResTime" : 5.0,
    "maxResTime" : 18166.0,
    "pct1ResTime" : 14065.400000000001,
    "pct2ResTime" : 15118.999999999998,
    "pct3ResTime" : 15936.36,
    "throughput" : 172.5471657570158,
    "receivedKBytesPerSec" : 78.82545245283424,
    "sentKBytesPerSec" : 54.39250417669432
  },
  "HTTP Request" : {
    "transaction" : "HTTP Request",
    "sampleCount" : 4015,
    "errorCount" : 0,
    "errorPct" : 0.0,
    "meanResTime" : 7053.278455790772,
    "medianResTime" : 6991.0,
    "minResTime" : 5.0,
    "maxResTime" : 18166.0,
    "pct1ResTime" : 14065.400000000001,
    "pct2ResTime" : 15118.999999999998,
    "pct3ResTime" : 15936.36,
    "throughput" : 172.5471657570158,
    "receivedKBytesPerSec" : 78.82545245283424,
    "sentKBytesPerSec" : 54.39250417669432
  }
}