{
  "Total" : {
    "transaction" : "Total",
    "sampleCount" : 3500,
    "errorCount" : 0,
    "errorPct" : 0.0,
    "meanResTime" : 8.520857142857158,
    "medianResTime" : 7.0,
    "minResTime" : 4.0,
    "maxResTime" : 148.0,
    "pct1ResTime" : 10.0,
    "pct2ResTime" : 14.0,
    "pct3ResTime" : 58.98999999999978,
    "throughput" : 338.6550556361877,
    "receivedKBytesPerSec" : 154.7303043359942,
    "sentKBytesPerSec" : 106.77621930938557
  },
  "HTTP Request" : {
    "transaction" : "HTTP Request",
    "sampleCount" : 3500,
    "errorCount" : 0,
    "errorPct" : 0.0,
    "meanResTime" : 8.520857142857158,
    "medianResTime" : 7.0,
    "minResTime" : 4.0,
    "maxResTime" : 148.0,
    "pct1ResTime" : 10.0,
    "pct2ResTime" : 14.0,
    "pct3ResTime" : 58.98999999999978,
    "throughput" : 338.6550556361877,
    "receivedKBytesPerSec" : 154.7303043359942,
    "sentKBytesPerSec" : 106.77621930938557
  }
}