{
  "Total" : {
    "transaction" : "Total",
    "sampleCount" : 4075,
    "errorCount" : 0,
    "errorPct" : 0.0,
    "meanResTime" : 6976.605153374221,
    "medianResTime" : 7039.0,
    "minResTime" : 5.0,
    "maxResTime" : 18674.0,
    "pct1ResTime" : 14289.6,
    "pct2ResTime" : 15241.999999999996,
    "pct3ResTime" : 16115.799999999996,
    "throughput" : 172.64754480362666,
    "receivedKBytesPerSec" : 78.87027900319875,
    "sentKBytesPerSec" : 54.42311689721645
  },
  "HTTP Request" : {
    "transaction" : "HTTP Request",
    "sampleCount" : 4075,
    "errorCount" : 0,
    "errorPct" : 0.0,
    "meanResTime" : 6976.605153374221,
    "medianResTime" : 7039.0,
    "minResTime" : 5.0,
    "maxResTime" : 18674.0,
    "pct1ResTime" : 14289.6,
    "pct2ResTime" : 15241.999999999996,
    "pct3ResTime" : 16115.799999999996,
    "throughput" : 172.64754480362666,
    "receivedKBytesPerSec" : 78.87027900319875,
    "sentKBytesPerSec" : 54.42311689721645
  }
}