{
  "Total" : {
    "transaction" : "Total",
    "sampleCount" : 4000,
    "errorCount" : 0,
    "errorPct" : 0.0,
    "meanResTime" : 8.583250000000017,
    "medianResTime" : 7.0,
    "minResTime" : 4.0,
    "maxResTime" : 124.0,
    "pct1ResTime" : 11.0,
    "pct2ResTime" : 15.0,
    "pct3ResTime" : 44.98999999999978,
    "throughput" : 337.60972316002704,
    "receivedKBytesPerSec" : 154.4876871360145,
    "sentKBytesPerSec" : 106.43748219636225
  },
  "HTTP Request" : {
    "transaction" : "HTTP Request",
    "sampleCount" : 4000,
    "errorCount" : 0,
    "errorPct" : 0.0,
    "meanResTime" : 8.583250000000017,
    "medianResTime" : 7.0,
    "minResTime" : 4.0,
    "maxResTime" : 124.0,
    "pct1ResTime" : 11.0,
    "pct2ResTime" : 15.0,
    "pct3ResTime" : 44.98999999999978,
    "throughput" : 337.60972316002704,
    "receivedKBytesPerSec" : 154.4876871360145,
    "sentKBytesPerSec" : 106.43748219636225
  }
}