{
  "Total" : {
    "transaction" : "Total",
    "sampleCount" : 4500,
    "errorCount" : 0,
    "errorPct" : 0.0,
    "meanResTime" : 5460.127111111112,
    "medianResTime" : 5011.5,
    "minResTime" : 5.0,
    "maxResTime" : 16931.0,
    "pct1ResTime" : 12659.6,
    "pct2ResTime" : 13771.95,
    "pct3ResTime" : 14593.0,
    "throughput" : 196.22378232241746,
    "receivedKBytesPerSec" : 89.83919358838791,
    "sentKBytesPerSec" : 61.86197462444948
  },
  "HTTP Request" : {
    "transaction" : "HTTP Request",
    "sampleCount" : 4500,
    "errorCount" : 0,
    "errorPct" : 0.0,
    "meanResTime" : 5460.127111111112,
    "medianResTime" : 5011.5,
    "minResTime" : 5.0,
    "maxResTime" : 16931.0,
    "pct1ResTime" : 12659.6,
    "pct2ResTime" : 13771.95,
    "pct3ResTime" : 14593.0,
    "throughput" : 196.22378232241746,
    "receivedKBytesPerSec" : 89.83919358838791,
    "sentKBytesPerSec" : 61.86197462444948
  }
}