{
  "Total" : {
    "transaction" : "Total",
    "sampleCount" : 4002,
    "errorCount" : 0,
    "errorPct" : 0.0,
    "meanResTime" : 5541.7948525737165,
    "medianResTime" : 5269.5,
    "minResTime" : 5.0,
    "maxResTime" : 15628.0,
    "pct1ResTime" : 12298.7,
    "pct2ResTime" : 13192.85,
    "pct3ResTime" : 14007.459999999995,
    "throughput" : 187.91379067474293,
    "receivedKBytesPerSec" : 85.84767110684604,
    "sentKBytesPerSec" : 59.238784732004504
  },
  "HTTP Request" : {
    "transaction" : "HTTP Request",
    "sampleCount" : 4002,
    "errorCount" : 0,
    "errorPct" : 0.0,
    "meanResTime" : 5541.7948525737165,
    "medianResTime" : 5269.5,
    "minResTime" : 5.0,
    "maxResTime" : 15628.0,
    "pct1ResTime" : 12298.7,
    "pct2ResTime" : 13192.85,
    "pct3ResTime" : 14007.459999999995,
    "throughput" : 187.91379067474293,
    "receivedKBytesPerSec" : 85.84767110684604,
    "sentKBytesPerSec" : 59.238784732004504
  }
}