{
  "Total" : {
    "transaction" : "Total",
    "sampleCount" : 3000,
    "errorCount" : 0,
    "errorPct" : 0.0,
    "meanResTime" : 8.191666666666661,
    "medianResTime" : 7.0,
    "minResTime" : 4.0,
    "maxResTime" : 107.0,
    "pct1ResTime" : 10.0,
    "pct2ResTime" : 13.0,
    "pct3ResTime" : 58.0,
    "throughput" : 338.8681802778719,
    "receivedKBytesPerSec" : 154.9476960493618,
    "sentKBytesPerSec" : 106.81594957217892
  },
  "HTTP Request" : {
    "transaction" : "HTTP Request",
    "sampleCount" : 3000,
    "errorCount" : 0,
    "errorPct" : 0.0,
    "meanResTime" : 8.191666666666661,
    "medianResTime" : 7.0,
    "minResTime" : 4.0,
    "maxResTime" : 107.0,
    "pct1ResTime" : 10.0,
    "pct2ResTime" : 13.0,
    "pct3ResTime" : 58.0,
    "throughput" : 338.8681802778719,
    "receivedKBytesPerSec" : 154.9476960493618,
    "sentKBytesPerSec" : 106.81594957217892
  }
}