{
  "Total" : {
    "transaction" : "Total",
    "sampleCount" : 4015,
    "errorCount" : 0,
    "errorPct" : 0.0,
    "meanResTime" : 4269.431382316312,
    "medianResTime" : 3289.0,
    "minResTime" : 5.0,
    "maxResTime" : 15601.0,
    "pct1ResTime" : 10844.0,
    "pct2ResTime" : 11956.0,
    "pct3ResTime" : 12778.36,
    "throughput" : 199.53284961733425,
    "receivedKBytesPerSec" : 91.15047623558792,
    "sentKBytesPerSec" : 62.896312959695855
  },
  "HTTP Request" : {
    "transaction" : "HTTP Request",
    "sampleCount" : 4015,
    "errorCount" : 0,
    "errorPct" : 0.0,
    "meanResTime" : 4269.431382316312,
    "medianResTime" : 3289.0,
    "minResTime" : 5.0,
    "maxResTime" : 15601.0,
    "pct1ResTime" : 10844.0,
    "pct2ResTime" : 11956.0,
    "pct3ResTime" : 12778.36,
    "throughput" : 199.53284961733425,
    "receivedKBytesPerSec" : 91.15047623558792,
    "sentKBytesPerSec" : 62.896312959695855
  }
}