{
  "Total" : {
    "transaction" : "Total",
    "sampleCount" : 4001,
    "errorCount" : 0,
    "errorPct" : 0.0,
    "meanResTime" : 4274.999250187455,
    "medianResTime" : 3144.0,
    "minResTime" : 5.0,
    "maxResTime" : 15198.0,
    "pct1ResTime" : 10793.2,
    "pct2ResTime" : 11826.9,
    "pct3ResTime" : 12754.0,
    "throughput" : 199.30261519302613,
    "receivedKBytesPerSec" : 91.04680689601494,
    "sentKBytesPerSec" : 62.82524517434621
  },
  "HTTP Request" : {
    "transaction" : "HTTP Request",
    "sampleCount" : 4001,
    "errorCount" : 0,
    "errorPct" : 0.0,
    "meanResTime" : 4274.999250187455,
    "medianResTime" : 3144.0,
    "minResTime" : 5.0,
    "maxResTime" : 15198.0,
    "pct1ResTime" : 10793.2,
    "pct2ResTime" : 11826.9,
    "pct3ResTime" : 12754.0,
    "throughput" : 199.30261519302613,
    "receivedKBytesPerSec" : 91.04680689601494,
    "sentKBytesPerSec" : 62.82524517434621
  }
}