{
  "Total" : {
    "transaction" : "Total",
    "sampleCount" : 5365,
    "errorCount" : 0,
    "errorPct" : 0.0,
    "meanResTime" : 10696.370736253491,
    "medianResTime" : 10753.0,
    "minResTime" : 5.0,
    "maxResTime" : 24662.0,
    "pct1ResTime" : 20413.600000000006,
    "pct2ResTime" : 21592.699999999997,
    "pct3ResTime" : 22880.02,
    "throughput" : 162.84222667395133,
    "receivedKBytesPerSec" : 74.41722819158623,
    "sentKBytesPerSec" : 51.33400109269714
  },
  "HTTP Request" : {
    "transaction" : "HTTP Request",
    "sampleCount" : 5365,
    "errorCount" : 0,
    "errorPct" : 0.0,
    "meanResTime" : 10696.370736253491,
    "medianResTime" : 10753.0,
    "minResTime" : 5.0,
    "maxResTime" : 24662.0,
    "pct1ResTime" : 20413.600000000006,
    "pct2ResTime" : 21592.699999999997,
    "pct3ResTime" : 22880.02,
    "throughput" : 162.84222667395133,
    "receivedKBytesPerSec" : 74.41722819158623,
    "sentKBytesPerSec" : 51.33400109269714
  }
}