{
  "Total" : {
    "transaction" : "Total",
    "sampleCount" : 4000,
    "errorCount" : 0,
    "errorPct" : 0.0,
    "meanResTime" : 9.571000000000021,
    "medianResTime" : 7.0,
    "minResTime" : 5.0,
    "maxResTime" : 192.0,
    "pct1ResTime" : 11.900000000000091,
    "pct2ResTime" : 16.0,
    "pct3ResTime" : 71.96999999999935,
    "throughput" : 337.46730785455156,
    "receivedKBytesPerSec" : 154.17411467560956,
    "sentKBytesPerSec" : 106.38821659073652
  },
  "HTTP Request" : {
    "transaction" : "HTTP Request",
    "sampleCount" : 4000,
    "errorCount" : 0,
    "errorPct" : 0.0,
    "meanResTime" : 9.571000000000021,
    "medianResTime" : 7.0,
    "minResTime" : 5.0,
    "maxResTime" : 192.0,
    "pct1ResTime" : 11.900000000000091,
    "pct2ResTime" : 16.0,
    "pct3ResTime" : 71.96999999999935,
    "throughput" : 337.46730785455156,
    "receivedKBytesPerSec" : 154.17411467560956,
    "sentKBytesPerSec" : 106.38821659073652
  }
}